{"IcoMoonType":"selection","icons":[{"icon":{"paths":["M513.216 0c0 0-321.216 381.472-321.216 704.736 0 323.296 318.784 319.264 318.784 319.264s321.216-4 321.216-321.248-318.784-702.752-318.784-702.752zM512 896c-106.016 0-192-85.984-192-192 0-67.872 35.648-126.816 88.864-160.832-15.264 20.384-24.864 48.96-24.864 80.832 0 6.624 0.608 13.024 1.376 19.328-0.288 4.288-1.376 8.32-1.376 12.672 0 8.224 1.344 16.096 2.432 24-1.504 7.776-2.432 15.776-2.432 24 0 70.688 57.312 128 128 128 8.224 0 16.224-0.928 24-2.4 7.936 1.088 15.776 2.4 24 2.4 4.352 0 8.384-1.056 12.64-1.408 6.304 0.8 12.736 1.408 19.36 1.408 31.872 0 60.448-9.6 80.832-24.832-34.016 53.184-92.96 88.832-160.832 88.832z"],"attrs":[{}],"isMulticolor":false,"isMulticolor2":false,"tags":["droplet","color","water"],"grid":16},"attrs":[{}],"properties":{"order":1,"id":0,"name":"droplet, color, water","prevSize":32,"code":59648},"setIdx":0,"setId":6,"iconIdx":0},{"icon":{"paths":["M974.080 183.654c-223.027 130.867-207.053 399.667-363.315 520.96-117.606 91.29-283.546 45.056-379.494 5.786 0 0-65.024 82.074-111.667 191.488-15.616 36.71-84.173-3.738-72.141-34.816 152.474-393.472 671.232-589.773 671.232-589.773s-366.029-15.514-610.662 304.128c-6.554-73.011-17.408-270.541 172.032-391.68 256.819-164.403 746.086-36.608 694.016-6.093z"],"attrs":[{}],"isMulticolor":false,"isMulticolor2":false,"tags":["leaf"],"grid":20},"attrs":[{}],"properties":{"order":90,"id":0,"name":"leaf","prevSize":20,"code":59649},"setIdx":1,"setId":5,"iconIdx":0},{"icon":{"paths":["M426 854h-212v-342h-128l426-384 426 384h-128v342h-212v-256h-172v256z"],"attrs":[{}],"isMulticolor":false,"isMulticolor2":false,"tags":["home"],"grid":24},"attrs":[{}],"properties":{"order":1,"id":1,"name":"home","prevSize":24,"code":59650},"setIdx":2,"setId":4,"iconIdx":1},{"icon":{"paths":["M494.464 96.192l-427.584 184.224 428 182.784 432.416-183.2-432.832-183.808zM512 486.208v441.6l415.84-197.408v-420.832l-415.84 176.64zM64.16 730.4l417.248 197.408v-441.6l-417.248-176.64v420.832z"],"attrs":[{}],"isMulticolor":false,"isMulticolor2":false,"tags":["cube","3d","box"],"grid":32},"attrs":[{}],"properties":{"order":88,"id":1,"prevSize":32,"name":"cube","code":59651},"setIdx":3,"setId":3,"iconIdx":0}],"height":1024,"metadata":{"name":"icomoon"},"preferences":{"showGlyphs":true,"showQuickUse":true,"showQuickUse2":true,"showSVGs":true,"fontPref":{"prefix":"icon-","metadata":{"fontFamily":"icomoon","majorVersion":1,"minorVersion":0},"metrics":{"emSize":1024,"baseline":6.25,"whitespace":50},"embed":false,"autoHost":true,"showSelector":true,"showMetrics":true,"showMetadata":true,"showVersion":true},"imagePref":{"prefix":"icon-","png":true,"useClassSelector":true,"color":0,"bgColor":16777215,"classSelector":".icon","name":"icomoon"},"historySize":50,"showCodes":false,"gridSize":16,"quickUsageToken":{"UntitledProject":"Yjg2NzNkN2FmZTY2ZTQ1MmI4NjM2OTMyMTdiMDFmMTEjMSMxNjE2NzI0Njc3IyMj"},"showLiga":true}}